Nimi,Osakond
Aivo Teder,Müük
Andres Karl Kukk,Personal
Anette Kuusk,Raamatupidamine
Annabel Jürgens,Personal
Annabel Saar,Müük
Anne-Mai Koppel,Müük
Anneli Koppel,Toimetajad
Anneli Pihl,Raamatupidamine
Anneli Roos,IT
Annika Koppel,IT
Annika Rand,Juhtkond
Erki Niit,Haldus
Evelin Koppel,IT
Evelin Mets,Juhtkond
Evelin Rand,Raamatupidamine
Evelin Soosaar,Personal
Grete Maasikas,Personal
Grete Oja,Toimetajad
Grete Rand,Müük
Grete Teder,Juhtkond
Hannes Maasik,Raamatupidamine
Hannes Rõõm,Juhtkond
Heidi Katrin Pärn,Haldus
Heidi Kuusk,Müük
Heidy Maasikas,Juhtkond
Heidy Põder,Toimetajad
Heiki Laanemets,Juhtkond
Heiki Niit,IT
Helena Vool,Personal
Hendrik Lepp,Raamatupidamine
Hendrik Lill,Personal
Hendrik Põder,IT
Indrek Kask,Personal
Indrek Laanemets,Müük
Jaanus Reinsalu,IT
Janek Järv,Müük
Janika Laanemets,Raamatupidamine
Jürgen Saare,Juhtkond
Kaia Koppel,Müük
Kaia Kuusk,Haldus
Kaia Lepp,Toimetajad
Kaia Lill,Juhtkond
Kairit Põder,Müük
Kairit Rand,IT
Karina Mets,Raamatupidamine
Karina Oja,Toimetajad
Karina Õun,IT
Karl Hendrik Roos,Haldus
Karmen Pihl,Haldus
Karmen Veer,Juhtkond
Karolin Lepp,Juhtkond
Karolin Teder,Personal
Keidi Jürgens,Raamatupidamine
Kertu Pihl,Raamatupidamine
Kertu Rand,Toimetajad
Kristel Õis,Toimetajad
Kristiina Rand,Haldus
Kristiina Reet Lepp,Personal
Kristjan Laanemets,Toimetajad
Kristjan Vool,IT
Kristo Oja,Müük
Kristo Rand,Raamatupidamine
Kristo Õun,Juhtkond
Kätlin Anette Laanemets,IT
Kätlin Oja,Haldus
Kätlin Roos,Toimetajad
Laura Õun,Müük
Lauri Tamme,IT
Leelo Kuusk,Raamatupidamine
Liina Maasikas,Juhtkond
Liisa Kristi Kivimägi,IT
Liisa Oja,Juhtkond
Liisi Teder,Personal
Liisi Vool,Toimetajad
Maarja Saar,Personal
Maarja Õis,Juhtkond
Madis Kuusk,Toimetajad
Madis Kuusk,Juhtkond
Madis Roos,Müük
Madis Tamme,Raamatupidamine
Madis Vool,Haldus
Margus Reinsalu,IT
Mari-Liis Kask,IT
Maris Pehk,Haldus
Mark Saare,Müük
Marko Õun,Personal
Mart Maasikas,IT
Mart Saar,Personal
Marten Roos,Haldus
Marten Saare,Toimetajad
Marten Vool,Müük
Martin Maasik,Haldus
Martin Teder,Toimetajad
Martti Oja,Raamatupidamine
Meelis Kaasik,Personal
Meelis Põder,Toimetajad
Mihkel Oja,Juhtkond
Oliver Lepp,Haldus
Oliver Maasik,Raamatupidamine
Oliver Pihl,Haldus
Oliver Teder,Toimetajad
Oskar Tamm,Raamatupidamine
Priit Martin Tamm,IT
Priit Põder,Müük
Priit Tamme,Haldus
Priit Õun,Raamatupidamine
Raimo Lill,Raamatupidamine
Raimo Lille,Haldus
Raimo Põder,Personal
Rainer Tamme,Juhtkond
Rainer Vaher,IT
Rita Mari Rand,Haldus
Sander Laanemets,IT
Sandra Maasikas,Toimetajad
Sandra Oja,Personal
Sandra Tamme,Müük
Siim Mihkel Mets,IT
Siiri Koppel,Haldus
Siiri Kuusk,Toimetajad
Siiri Mets,Raamatupidamine
Siiri Teder,Raamatupidamine
Sirje Lille,Müük
Taavi Reet Mets,Personal
Taavi Uibo,Haldus
Taivo Järv,Juhtkond
Taivo Mets,Toimetajad
Tarmo Kuusk,Juhtkond
Tiina Järv,Müük
Triin Evelin Rõigas,IT
Tõnu Kask,Personal
Uku Maasik,Haldus
Viivi Saare,Raamatupidamine